단계,역할,액션,상세 가이드,주의사항
1. 신청,에이전트,신규 케이스 폼 작성,영업 활동 후 보류된 케이스 폼 작성. 학부모·자녀 정보 + 학부모 망설임 이유 + 상세 메모 필수,망설임 이유는 9가지 카테고리에서 선택. "⑨ 기타"는 최소화
2. 검토,매니저,승인·반려·보류 결정,4시간 안에 결정. 사유별 적절성 확인 + 교사 자동 배정 검토,복잡한 케이스는 보류 처리 후 본부장과 상의
3. 배정,시스템(자동),부하·지역·특기 기반 교사 배정,승인 시 auto-assignment.gs 자동 실행. 매니저가 수동 변경 가능,활성 교사가 없을 때 매니저에게 즉시 알림
4. 수업 준비 (교사),교사,교사 시트에서 학부모 망설임 이유와 추천 전략 확인,"수업 가기 5분 전 체크: ① 시간·장소 ② 학부모 망설임 이유 ③ 추천 전략 ④ 학부모 메모 (예: 가족 상황)",모바일에서도 확인 가능
5. 수업 진행 (교사),교사,수업 + 학부모 반응 관찰,"교사는 수업하면서 학부모의 ""계약 의향""을 강·중·약으로 판단. 가능하면 자녀의 즐거워하는 모습 영상으로 기록","학부모가 한 말은 표현 그대로 기억 (또는 메모)"
6. 수업 후 입력 (교사),교사,수업 결과 입력,"수업 종료 후 24시간 안에 4가지 입력: ① 수업 후 진행 상태 ② 학부모 계약 의향 ③ 자녀 반응 ④ 학부모가 한 말 (그대로)",미입력 시 매니저에게 자동 알림. 학부모가 한 말은 에이전트의 재상담에 핵심 자료
7. 재상담 (재클로징),에이전트,3일 안에 학부모 재시도,"수업 결과에 따라 적절한 시점 선택. 강 → 즉시 / 중 → 24시간 안 / 약 → 자료 추가 전송 후",재상담 3일 데드라인 자동 알림
8. 재상담 결과,에이전트,재상담 결과 폼 입력,성공·진행 중·실패 입력. 학부모 발언 요약,진행 중인 경우 다음 액션 명시
9. 완료·실패,시스템(자동),통계 반영,월간 리포트에 자동 집계,수정 필요 시 매니저가 직접 시트 편집
